siteId,name,roadAddress,coordPoint,qrLocationHint,parkingInfo,accessInfo,mealAvailable,description,descriptionEn,viewpoint1,viewpoint2,viewpoint3,badgeFlower,grade,source,checkedAt,note
990389,통도사 서운암,경상남도 양산시 하북면 통도사로 108(서운암),,,차량 접근 가능(통도사 경내) (2026-09 잠정),통도사 대웅전에서 1.5km 산길(차로 1.7km·도보 약 1시간) (2026-09 잠정),RESERVATION,,,,,,Y,잠정,http://www.atlasnews.co.kr/news/articleView.html?idxno=6841 · https://korean.visitkorea.or.kr,,암자(본사 통도사와 구분) · [Q3 확정] 후보 유지·과포화 시 비노출(congested) · 공양원문=사찰음식·서운암 된장 판매 · 조사단계=2차조사 · 꽃절=야생화(서운암 들꽃회 조성 봄 들꽃축제) · 산책로=야생화 산책로(서운암 주변 20만㎡·야생화 100여 종) · 1구자산=장독대 5000개(약된장·막장·고추장)·쪽염 천연염색 · 영문명=Seounam Hermitage (Tongdosa)
990390,금수암,,,,,,TEMPLE_MEAL,,,,,,N,비공식,,,공양원문=사찰음식 특화(2011) · 조사단계=1차조사(v3.2) · 영문명=Geumsuam Temple
990391,다솔사,,,,,봉명산 진입 (2026-09 잠정),RESERVATION,,,,,,N,잠정,국가유산디지털서비스,,조사단계=1차조사(v3.2) · 주불전=적멸보궁(불상없음) · 영문명=Dasolsa Temple
990392,쌍계사,경남 하동군 화개면(지리산),,,,화개계곡,RESERVATION,,,,,,Y,확정,국가유산포털;쌍계사공식,,제13교구본사 · 조사단계=1차조사(v3.2) · 꽃절=벚꽃(봄) · 주불전=대웅전(보물500) · 영문명=Ssanggyesa Temple
990393,해인사,경상남도 합천군 가야면 해인사길 122,,,사하촌 주차장,포장도로·유료 입장,RESERVATION,,,,,,N,확정,http://www.haeinsa.or.kr · https://www.heritage.go.kr,,제12교구본사·v3.2 관람배지(티맵 8위) · [Q3 확정] 후보 유지·과포화 시 비노출(congested) · 공양원문=사찰음식·템플스테이 · 조사단계=2차조사 · 국가유산=국보 장경판전·국보 대장경판(고려대장경)·세계유산 · 산책로=일주문~해탈문 33계단 진입로·홍류동 계곡 · 1구자산=계곡·사찰림 · 주불전=대적광전 · 영문명=Haeinsa
990394,범어사,부산광역시 금정구 범어사로 250,,,주차장 있음 (2026-09 잠정),3단 산지가람 배치 (2026-09 잠정),RESERVATION,,,,,,N,잠정,https://ko.wikipedia.org/wiki/범어사 · https://www.cha.go.kr,,제14교구본사·v3.2 혼잡 우려 · [Q3 확정] 후보 유지·과포화 시 비노출(congested) · 공양원문=사찰음식·템플스테이 · 조사단계=2차조사 · 국가유산=국보 삼국유사·보물 대웅전·보물 조계문·보물 삼층석탑 · 산책로=경내 3단 참배로 · 1구자산=사찰림·약수 · 주불전=대웅전(보물) · 영문명=Beomeosa
990395,대원사(산청),경남 산청군 삼장면 대원사길 455,,,,유평계곡 (2026-09 잠정),RESERVATION,,,,,,N,잠정,위키;국가유산포털,,조사단계=1차조사(v3.2) · 주불전=대웅전 · 영문명=Daewonsa Temple (Sancheong)
990396,내원정사,부산광역시 서구 엄광산로40번길 80,,,,도심 접근 용이 (2026-09 잠정),RESERVATION,,,,,,N,잠정,https://korean.visitkorea.or.kr,,공양원문=사찰음식·템플스테이 · 조사단계=2차조사 · 주불전=대웅전 · 영문명=Naewonjeongsa
990397,선암사,부산광역시 부산진구 백양산로 138,,,,선암사입구 정류장 하차 후 도보 (2026-09 잠정),RESERVATION,,,,,,Y,잠정,https://encykorea.aks.ac.kr/Article/E0078948,,순천 선암사 아님 · 공양원문=휴식형 템플스테이 · 조사단계=2차조사 · 꽃절=동백(봄) · 국가유산=보물 선암사 청동북 · 산책로=경내~바람고개 트레킹숲길 · 1구자산=약수·석축 동백나무 · 주불전=대웅전 · 영문명=Seonamsa (Busan)
990398,옥천사,경상남도 고성군 개천면 연화산1로 471-9,,,,,RESERVATION,,,,,,N,확정,https://encykorea.aks.ac.kr · https://korean.visitkorea.or.kr,,공양원문=사찰음식·템플스테이 · 조사단계=2차조사 · 1구자산=계곡·사찰림 · 주불전=대웅전 · 영문명=Okcheonsa
990399,표충사,,,,,재약산 진입 (2026-09 잠정),RESERVATION,,,,,,N,잠정,국가유산포털,,조사단계=1차조사(v3.2) · 주불전=대광전 · 영문명=Pyochungsa Temple
990400,성주사,경상남도 창원시 성산구 곰절길 191,,,,,RESERVATION,,,,,,N,잠정,디지털창원문화대전,,공양원문=사찰음식 · 조사단계=2차조사 · 1구자산=사찰림 · 주불전=대웅전(석가·아미타·약사) · 영문명=Seongjusa
990401,문수암,경상남도 산청군 시천면 마근담길 173-17,,,,마근담 소재 (2026-09 잠정),RESERVATION,,,,,,N,잠정,http://munsuam.org,,조사단계=2차조사 · 영문명=Munsuam
990402,용문사(남해),경상남도 남해군 이동면 용문사길 166-11,,,,,RESERVATION,,,,,,N,확정,https://encykorea.aks.ac.kr · 국가유산포털,,예천·양평 용문사 아님 · 공양원문=사찰음식·템플스테이 · 조사단계=2차조사 · 국가유산=보물 남해 용문사 대웅전 · 1구자산=사찰림 · 주불전=대웅전(보물) · 영문명=Yongmunsa (Namhae)
990403,홍법사,,,,,,RESERVATION,,,,,,N,비공식,,,조사단계=1차조사(v3.2) · 주불전=대웅전(추정) · 영문명=Hongbeopsa Temple
990404,용화사(통영),경상남도 통영시 봉수로 107-82,,,,미륵산 자락 (2026-09 잠정),RESERVATION,,,미륵산 조망||,,,N,잠정,국가유산포털,,청주 용화사 아님 · 공양원문=사찰음식 · 조사단계=2차조사 · 국가유산=경남 유형문화유산 보광전 · 산책로=미륵산 등산로 연계 · 1구자산=사찰림 · 주불전=보광전(경남 유형문화유산 아미타삼존) · 영문명=Yonghwasa (Tongyeong)
990405,용문사(예천),경북 예천군 용문면 용문사길 285-30,,,,소백산 등산로 (2026-09 잠정),RESERVATION,,,,,,N,잠정,위키;국가유산청,,조사단계=1차조사(v3.2) · 주불전=보광명전 · 영문명=Yongmunsa Temple (Yecheon)
990406,동화사,대구광역시 동구 팔공산로201길 41,,,주차장 있음,포장도로·팔공산,RESERVATION,,,,,,N,비공식,https://en.wikipedia.org/wiki/Donghwasa,,제9교구본사 · 공양원문=사찰음식·템플스테이 · 조사단계=2차조사 · 국가유산=보물 다수(마애여래좌상 등) · 산책로=봉황문 진입로 · 1구자산=사찰림·계곡 · 주불전=대웅전 · 영문명=Donghwasa
990407,은해사,,,,,팔공산 등산로 (2026-09 잠정),RESERVATION,,,,,,N,잠정,국가유산포털;향토문화전자대전,,제10교구본사 · 조사단계=1차조사(v3.2) · 주불전=극락보전 · 영문명=Eunhaesa Temple
990408,봉정사,,,,,천등산 진입 (2026-09 잠정),RESERVATION,,,,,,N,잠정,나무위키;국가유산포털,,조사단계=1차조사(v3.2) · 주불전=대웅전(국보311) · 영문명=Bongjeongsa Temple
990409,축서사,경상북도 봉화군 물야면 월계길 739,,,,산지 진입,RESERVATION,,,,,,N,비공식,,,공양원문=사찰음식·템플스테이 · 조사단계=2차조사 · 1구자산=사찰림·조망 · 영문명=Chukseosa
990410,고운사,경상북도 의성군 단촌면 고운사길 415(추정),,,주차장 있음,2025년 3월 산불로 45동 중 26동 전소 복구 진행 중,RESERVATION,,,,,,N,비공식,https://www.kyongbuk.co.kr/news/articleView.html?idxno=4067479 · https://www.greenpeace.org/korea/press/34934/,,§0-2 DB 대상 제외 — status INACTIVE 고정 · 복원 중 — 스탬프 지점 보류 · [DB 제외] 2026-09-07 예성 정정 §0-2 — INACTIVE 고정·ACTIVE 확장·코스 배정 제외 · 공양원문=사찰음식·템플스테이 · 조사단계=2차조사 · 국가유산=보물 가운루·연수전 등 전소(복구 대상) · 산책로=진입로 사찰림(자연복원 중) · 1구자산=사찰림(자연복원 76.6% 진행) · 주불전=대웅보전(현존 참배 가능) · 영문명=Gounsa
990411,희방사,경상북도 영주시 풍기읍 죽령로1720번길 278,,,,소백산 죽령·희방폭포 인근 (2026-09 잠정),RESERVATION,,,소백산 조망||,,,N,잠정,https://korean.visitkorea.or.kr,,공양원문=사찰음식 · 조사단계=2차조사 · 산책로=희방폭포 진입로 · 1구자산=계곡·폭포·사찰림 · 주불전=대웅전 · 영문명=Huibangsa
990412,보경사,경상북도 포항시 북구 송라면 보경로 523,,,주차장 있음,내연산 12폭포 연계,RESERVATION,,,내연산 조망||,,,N,확정,보경사 공식홈페이지 · https://encykorea.aks.ac.kr,,공양원문=사찰음식·템플스테이 · 조사단계=2차조사 · 국가유산=보물 보경사 적광전 등 · 산책로=내연산 폭포 탐방로 · 1구자산=계곡·폭포·사찰림 · 주불전=적광전(보물 비로자나불) · 영문명=Bogyeongsa
990413,기림사,경상북도 경주시 문무대왕면 기림로 437-17,,,주차장 있음 (2026-09 잠정),함월산 골굴사 인근 (2026-09 잠정),RESERVATION,,,,,,N,잠정,국가유산포털,,공양원문=사찰음식·템플스테이 · 조사단계=2차조사 · 국가유산=보물 대적광전 등 · 산책로=경내 진입로 · 1구자산=계곡·사찰림 · 주불전=대적광전(보물 소조비로자나삼존) · 영문명=Girimsa
990414,직지사,경북 김천시 대항면 북암길 95,,,주차 가능,직지문화공원,RESERVATION,,,,,,N,확정,국가유산청 보도자료;국가유산포털,,제8교구본사 · 조사단계=1차조사(v3.2) · 주불전=대웅전 · 영문명=Jikjisa Temple
990415,도리사,경상북도 구미시 해평면 도리사로 526,,,주차장 있음,신라 최초 가람 전승,RESERVATION,,,낙동강 조망||,,,N,확정,직지사 공식홈페이지 · 디지털구미문화대전,,공양원문=사찰음식 · 조사단계=2차조사 · 국가유산=국보 도리사 세존사리탑 금동사리기(성보박물관)·보물 화엄석탑 · 산책로=진입로 · 1구자산=사찰림 · 주불전=극락전(아미타불) [적멸보궁 별도] · 영문명=Dorisa
990416,골굴사,경상북도 경주시 문무대왕면 기림로 101-5,,,주차장 있음,암벽·석굴 계단 가파름,RESERVATION,,,,,,N,비공식,https://ko.wikipedia.org/wiki/골굴사,,공양원문=사찰음식·템플스테이(선무도) · 조사단계=2차조사 · 국가유산=보물 경주 골굴암 마애여래좌상(제581호) · 산책로=석굴 순례로 · 1구자산=사찰림·약수 · 주불전=대적광전(큰법당) · 영문명=Golgulsa
990417,현덕사,,,,,,RESERVATION,,,,,,N,비공식,,,조사단계=2차조사 · 1구자산=사찰림 · 영문명=Hyeondeoksa
990418,망경산사,,,,,망경대산 소재,TEMPLE_MEAL,,,,,,N,비공식,,,조사단계=2차조사 · 1구자산=사찰림 · 영문명=Manggyeongsansa
990419,월정사,,,,주차 가능 (2026-09 잠정),전나무숲길 1km (2026-09 잠정),RESERVATION,,,,,,N,잠정,국가유산포털;월정사자료,,제4교구본사 · 조사단계=1차조사(v3.2) · 주불전=적광전 · 영문명=Woljeongsa Temple
990420,백담사,강원특별자치도 인제군 북면 백담로 746,,,사하 주차 후 셔틀버스,백담사 마을버스(셔틀) 운행·계곡 도보,RESERVATION,,,,,,N,비공식,https://en.wikipedia.org/wiki/Baekdamsa,,셔틀 진입 구간 · 공양원문=사찰음식·템플스테이 · 조사단계=2차조사 · 국가유산=보물 백담사 목조아미타여래좌상 및 복장유물 · 산책로=백담계곡 진입로·돌탑 · 1구자산=계곡·사찰림 · 주불전=극락보전(목조아미타불좌상 보물) · 영문명=Baekdamsa
990421,보현사,,,,,보현산 계곡길 (2026-09 잠정),RESERVATION,,,,,,N,잠정,국가유산포털,,조사단계=1차조사(v3.2) · 주불전=대웅전 · 영문명=Bohyeonsa Temple (Gangneung)
990422,청평사,강원특별자치도 춘천시 북산면 오봉산길 810,,,소양호 배편+도보 (2026-09 잠정),소양호 선착장에서 도보 (2026-09 잠정),RESERVATION,,,오봉산 조망||,,,N,잠정,청평사 공식홈페이지,,공양원문=사찰음식 · 조사단계=2차조사 · 국가유산=보물 청평사 회전문 · 산책로=구송폭포~고려정원 진입로 · 1구자산=계곡·폭포·사찰림 · 주불전=극락보전 · 영문명=Cheongpyeongsa
990423,명주사,강원특별자치도 원주시 신림면 물안길 62,,,,치악산 자락 (2026-09 잠정),RESERVATION,,,,,,N,잠정,원주시청 · https://korean.visitkorea.or.kr,,조사단계=2차조사 · 1구자산=사찰림 · 영문명=Myeongjusa
990424,삼운사,,,,,도심 사찰(추정),RESERVATION,,,,,,N,비공식,,,조사단계=2차조사 · 영문명=Samunsa
990425,삼화사,,,,,무릉계곡,RESERVATION,,,,,,N,비공식,삼화사자료(번호 재확인),,조사단계=1차조사(v3.2) · 주불전=적광전 · 영문명=Samhwasa Temple
990426,용연사,,,,,,RESERVATION,,,,,,N,비공식,,,조사단계=2차조사 · 1구자산=사찰림 · 영문명=Yongyeonsa
990427,화암사,강원특별자치도 고성군 토성면 화암사길 100,,,주차장 있음,신선봉·수바위 등산 연계,RESERVATION,,,,,,N,비공식,고성군 관광포털,,완주 화암사 아님 · 공양원문=사찰음식·템플스테이 · 조사단계=2차조사 · 산책로=수바위 진입로 · 1구자산=사찰림·기암(수바위) · 주불전=대웅전 · 영문명=Hwaamsa (Goseong)
990428,신흥사,,,,주차 가능 (2026-09 잠정),울산바위·비룡폭포 포행 (2026-09 잠정),RESERVATION,,,,,,N,잠정,국가유산포털;신흥사자료,,제3교구본사 · 조사단계=1차조사(v3.2) · 주불전=극락보전(보물1981) · 영문명=Sinheungsa Temple
990429,건봉사,강원 고성군 거진읍 건봉사로 723,,,,능파교 동선,RESERVATION,,,,,,N,비공식,위키,,조사단계=1차조사(v3.2) · 주불전=대웅전+극락전 · 영문명=Geonbongsa Temple
990430,구룡사,,,,,세렴폭포 방향,RESERVATION,,,,,,N,비공식,구룡사공식(현장실사),,조사단계=1차조사(v3.2) · 주불전=대웅전 · 영문명=Guryongsa Temple
990431,법흥사,,,,,소나무숲길,RESERVATION,,,,,,N,비공식,법흥사자료(현장실사),,불상 없음 · 조사단계=1차조사(v3.2) · 주불전=적멸보궁(불상없음) · 영문명=Beopheungsa Temple
990432,백양사,전라남도 장성군 북하면 백양로 1239,,,주차장 있음,내장산국립공원·단풍 명소,TEMPLE_MEAL,,,쌍계루 연못 반영·약사암 전망||,,,Y,확정,https://www.heritage.go.kr · https://encykorea.aks.ac.kr/Article/E0022216,,제18교구본사·v3.2 100만 초과 · [Q3 확정] 후보 유지·과포화 시 비노출(congested) · 공양원문=사찰음식·템플스테이(천진암 정관스님) · 조사단계=2차조사 · 꽃절=단풍(가을)·비자림 · 국가유산=보물 소요대사부도·명승 백양사 백학봉·천연기념물 비자나무 숲 · 산책로=쌍계루~대웅전 진입로 · 1구자산=계곡·비자나무 숲·사찰림 · 주불전=대웅전(전남 유형문화유산) · 영문명=Baekyangsa
990433,백련사(강진),전남 강진군 도암면 백련사길 145,,,,다산초당 오솔길 (2026-09 잠정),RESERVATION,,,,,,Y,잠정,국가유산포털;강진문화관광,,조사단계=1차조사(v3.2) · 꽃절=동백(3~4월) · 주불전=대웅보전(보물 2023) · 영문명=Baengnyeonsa Temple (Gangjin)
990434,대흥사,전라남도 해남군 삼산면 대흥사길 400,,,주차장 있음(피안교 앞),두륜산 도립공원·세계유산,RESERVATION,,,두륜산 조망||,,,Y,확정,http://www.daeheungsa.co.kr · https://www.grandculture.net/haenam,,제22교구본사 · 공양원문=사찰음식·템플스테이 · 조사단계=2차조사 · 꽃절=동백·차 · 국가유산=국보 북미륵암 마애여래좌상·사적·세계유산 · 산책로=북원~남원 금당천 진입로·일지암 산길 · 1구자산=계곡(금당천)·차밭·사찰림 · 주불전=대웅보전(북원) · 영문명=Daeheungsa
990435,송광사(순천),전라남도 순천시 송광면 송광사안길 100,,,주차장 있음,조계산·세계유산,RESERVATION,,,,,,N,비공식,,,제21교구본사 · 공양원문=사찰음식·템플스테이 · 조사단계=2차조사 · 국가유산=국보 국사전·국보 목조삼존불감·국보 혜심고신제서·세계유산 · 산책로=계곡 진입로·우화각 · 1구자산=계곡·사찰림·차밭 · 주불전=대웅보전 · 영문명=Songgwangsa (Suncheon)
990436,화엄사,전남 구례군 마산면 화엄사로 539,,,주차 가능,계단 진입,RESERVATION,,,,,,Y,확정,위키;국가유산포털;국가유산청 보도자료,,제19교구본사 · 조사단계=1차조사(v3.2) · 꽃절=홍매(흑매 3월) · 주불전=대웅전(보물299) · 영문명=Hwaeomsa Temple
990437,도갑사,전라남도 영암군 군서면 도갑사로 306,,,주차장 있음,월출산 자락,RESERVATION,,,,,,N,비공식,나무위키·불교문화,,공양원문=사찰음식·템플스테이 · 조사단계=2차조사 · 국가유산=국보 도갑사 해탈문·보물 다수 · 산책로=진입로 숲길 · 1구자산=계곡·사찰림 · 주불전=대웅보전 · 영문명=Dogapsa
990438,무위사,전라남도 강진군 성전면 무위사로 308,,,주차장 있음,월출산 남쪽,RESERVATION,,,월출산 조망||,,,N,확정,무위사 공식홈페이지 · 한국민족문화대백과,,공양원문=사찰음식·템플스테이 · 조사단계=2차조사 · 국가유산=국보 강진 무위사 극락전·보물 벽화 · 산책로=경내 진입로 · 1구자산=사찰림 · 주불전=극락보전(국보 제13호 아미타삼존) · 영문명=Muwisa
990439,운주사,전라남도 화순군 도암면 천태로 91-44,,,주차장 있음 (2026-09 잠정),천불천탑 유적 (2026-09 잠정),RESERVATION,,,와불 조망||,,,N,잠정,나무위키·한국민족문화대백과,,공양원문=사찰음식 · 조사단계=2차조사 · 국가유산=보물 화순 운주사 구층석탑·석조불감·원형다층석탑 · 산책로=천불천탑 탐방로 · 1구자산=계곡·사찰림·석탑군 · 주불전=대웅전 · 영문명=Unjusa
990440,증심사,광주광역시 동구 증심사길 177,,,주차장 있음,무등산국립공원 입구,RESERVATION,,,,,,N,비공식,,,공양원문=사찰음식·템플스테이 · 조사단계=2차조사 · 국가유산=보물 광주 증심사 철조비로자나불좌상 · 산책로=무등산 등산로 연계 · 1구자산=계곡·사찰림 · 주불전=대웅전 · 영문명=Jeungsimsa
990441,천은사(구례),전라남도 구례군 광의면 노고단로 209,,,주차장 있음,지리산 노고단 진입로,RESERVATION,,,지리산 조망||,,,N,확정,천은사 공식홈페이지 · 국가유산포털,,삼척 천은사 아님 · 공양원문=사찰음식·템플스테이 · 조사단계=2차조사 · 국가유산=보물 천은사 극락보전·보물 괘불탱 · 산책로=수홍루 진입로·상생의 길 · 1구자산=계곡·사찰림 · 주불전=극락보전(보물 제2024호 아미타불) · 영문명=Cheoneunsa (Gurye)
990442,대원사(보성),전라남도 보성군 문덕면 죽산길 506-8,,,주차장 있음(티벳박물관 위) (2026-09 잠정),벚꽃 터널길(한국의 아름다운 길 100선) (2026-09 잠정),RESERVATION,,,,,,Y,잠정,http://daewonsa.or.kr,,산청 대원사 아님 · 공양원문=사찰음식·템플스테이 · 조사단계=2차조사 · 꽃절=벚꽃(봄) · 국가유산=전남 유형문화유산 극락전 · 산책로=벚꽃 터널 진입로 · 1구자산=계곡·사찰림 · 주불전=극락전(전남 유형문화유산 제87호) · 영문명=Daewonsa (Boseong)
990443,무각사,광주광역시 서구 운천로 230,,,도심 주차 (2026-09 잠정),상무지구 5·18기념공원 내 (2026-09 잠정),RESERVATION,,,,,,N,잠정,디지털광주문화대전 · 광주관광,,공양원문=사찰음식 특화·템플스테이 · 조사단계=2차조사 · 산책로=공원 산책로 · 1구자산=도심 공원(사찰림 아님) · 주불전=대웅전 · 영문명=Mugaksa
990444,미황사,전남 해남군 송지면 미황사길 164,,,,달마산 진입 (2026-09 잠정),RESERVATION,,,,,,N,잠정,국가유산포털,,조사단계=1차조사(v3.2) · 주불전=대웅보전(보물947) · 영문명=Mihwangsa Temple
990445,불갑사,전라남도 영광군 불갑면 불갑사로 450(추정),,,주차장 있음,꽃무릇 군락 명소,RESERVATION,,,,,,N,비공식,,,공양원문=사찰음식·템플스테이 · 조사단계=2차조사 · 국가유산=보물 영광 불갑사 대웅전 · 산책로=꽃무릇 군락 산책로 · 1구자산=사찰림·꽃무릇 군락 · 주불전=대웅전(보물) · 영문명=Bulgapsa
990446,향일암,전라남도 여수시 돌산읍 향일암로 60,,,주차장 있음,암벽 계단·바위굴 통로,RESERVATION,,,,,,N,비공식,,,공양원문=사찰음식 · 조사단계=2차조사 · 산책로=해안 암벽 참배로 · 1구자산=바다·기암 · 주불전=관음전(원통보전) · 영문명=Hyangiram
990447,실상사,,,,,지리산 평지 (2026-09 잠정),RESERVATION,,,,,,N,잠정,국가유산포털,,조사단계=1차조사(v3.2) · 주불전=보광전 · 영문명=Silsangsa Temple
990448,송광사(완주),전북 완주군 소양면(종남산),,,주차 가능 (2026-09 잠정),평지 일직선 (2026-09 잠정),RESERVATION,,,,,,N,잠정,전북일보;불교신문;국가유산포털,,순천 송광사 아님 · 조사단계=1차조사(v3.2) · 주불전=대웅전(보물1243) · 영문명=Songgwangsa Temple (Wanju)
990449,귀정사,전북특별자치도 남원시 산동면 대상2길 246,,,,만행산(천황산) 자락 (2026-09 잠정),RESERVATION,,,,,,N,잠정,금산사 공식홈페이지,,공양원문=사찰음식·템플스테이 · 조사단계=2차조사 · 1구자산=사찰림 · 주불전=대웅전 · 영문명=Gwijeongsa
990450,내소사,,,,주차 가능 (2026-09 잠정),전나무숲길 600m (2026-09 잠정),RESERVATION,,,,,,N,잠정,국가유산포털;부안군,,조사단계=1차조사(v3.2) · 주불전=대웅보전(보물291) · 영문명=Naesosa Temple
990451,개암사,전북특별자치도 부안군 상서면 개암로 248,,,주차장 있음 (2026-09 잠정),변산반도·울금바위 (2026-09 잠정),RESERVATION,,,울금바위 조망||,,,N,잠정,https://ko.wikipedia.org · 디지털부안문화대전,,공양원문=사찰음식 · 조사단계=2차조사 · 국가유산=보물 부안 개암사 대웅전 · 산책로=울금바위 등산로 연계 · 1구자산=계곡·사찰림 · 주불전=대웅보전(보물 석가·문수·보현) · 영문명=Gaeamsa
990452,금당사,전북특별자치도 진안군 마령면 마이산남로 217,,,마이산 남부주차장 인근 (2026-09 잠정),마이산 도립공원 진입 (2026-09 잠정),RESERVATION,,,마이산 조망||,,,Y,잠정,나무위키 · 한국민족문화대백과,,공양원문=사찰음식 · 조사단계=2차조사 · 꽃절=벚꽃(봄 마이산) · 국가유산=보물 금당사 괘불탱·전북 유형문화유산 목불좌상 · 산책로=탑사~금당사 진입로 · 1구자산=계곡·사찰림 · 주불전=극락보전(목불좌상) · 영문명=Geumdangsa
990453,안국사,전북특별자치도 무주군 적상면 산성로 1050,,,적상산 정상부 주차 (2026-09 잠정),양수댐 건설로 1993년 이전 (2026-09 잠정),RESERVATION,,,적상산 조망||,,,Y,잠정,디지털무주문화대전 · 무주군,,공양원문=사찰음식 · 조사단계=2차조사 · 꽃절=단풍(가을) · 국가유산=전북 유형문화유산 안국사 극락전 · 산책로=적상산성 탐방로 · 1구자산=사찰림·적상호 · 주불전=극락전(전북 유형문화유산 아미타불) · 영문명=Anguksa
990454,금산사,,,,,모악산 등산로 (2026-09 잠정),RESERVATION,,,,,,N,잠정,국가유산포털;나무위키,,제17교구본사 · 조사단계=1차조사(v3.2) · 주불전=미륵전(국보62) · 영문명=Geumsansa Temple
990455,선운사,전북 고창군 아산면 선운사로 250,,,주차 가능 (2026-09 잠정),도솔산 진입 (2026-09 잠정),RESERVATION,,,,,,Y,잠정,국가유산포털;선운사자료,,제24교구본사 · 조사단계=1차조사(v3.2) · 꽃절=동백(4월)·꽃무릇(9월) · 주불전=대웅전(보물290) · 영문명=Seonunsa Temple
990456,영평사,,,,주차장 있음,구절초 축제 명소,RESERVATION,,,,,,N,비공식,,,조사단계=2차조사 · 산책로=구절초 산책로 · 1구자산=구절초 군락 · 영문명=Yeongpyeongsa
990457,학림사,,,,,계룡산 자락,RESERVATION,,,,,,N,비공식,,,조사단계=2차조사 · 1구자산=사찰림 · 영문명=Hangnimsa
990458,수덕사,충청남도 예산군 덕산면 수덕사안길 79,,,주차장 있음 (2026-09 잠정),덕숭산·가야산 (2026-09 잠정),RESERVATION,,,덕숭산 조망||,,,N,잠정,https://yesan.grandculture.net · https://ko.wikipedia.org/wiki/수덕사,,제7교구본사 · 공양원문=사찰음식·템플스테이 · 조사단계=2차조사 · 국가유산=국보 수덕사 대웅전·보물 목조석가여래삼불좌상 · 산책로=진입로 상가~일주문·덕숭산 정혜사 산길 · 1구자산=사찰림 · 주불전=대웅전(국보 제49호) · 영문명=Sudeoksa
990459,마곡사,충청남도 공주시 사곡면 마곡사로 966,,,식당가 대형주차장(무료)·사찰 인근 유료(4000원) (2026-09 잠정),외길 구간 교행 주의·입장 무료·세계유산 (2026-09 잠정),RESERVATION,,,태화산 조망||,,,Y,잠정,https://www.telltrip.com · 나무위키 · 국가유산포털,,제6교구본사 · 공양원문=사찰음식·템플스테이 · 조사단계=2차조사 · 꽃절=춘마곡 봄 벚꽃 · 국가유산=보물 4점(대광보전·대웅보전·영산전·오층석탑)·세계유산 · 산책로=태화산 솔바람길·계곡 남원북원 · 1구자산=계곡(마곡천)·솔숲·사찰림 · 주불전=대광보전(보물 제802호) · 영문명=Magoksa
990460,무량사,충청남도 부여군 외산면 무량로 203,,,주차장 있음 (2026-09 잠정),만수산 자락 (2026-09 잠정),RESERVATION,,,만수산 조망||,,,N,잠정,나무위키 · 국가유산포털,,공양원문=사찰음식·템플스테이 · 조사단계=2차조사 · 국가유산=보물 무량사 극락전·보물 오층석탑·보물 미륵불괘불탱 · 산책로=진입로 숲길 · 1구자산=계곡·사찰림 · 주불전=극락전(보물 제356호 2층 극락전 소조아미타삼존) · 영문명=Muryangsa
990461,서광사,충남 서산시 부춘산1로 44 (읍내동),,,,부춘산 도심 인근,RESERVATION,,,,,,N,비공식,,,조사단계=2차조사 · 1구자산=사찰림 · 영문명=Seogwangsa
990462,갑사,충청남도 공주시 계룡면 갑사로 567-3,,,주차장 있음 (2026-09 잠정),계룡산 서편·단풍 명소 (2026-09 잠정),RESERVATION,,,계룡산 조망||,,,Y,잠정,갑사 공식홈페이지 · 공주시,,공양원문=사찰음식·템플스테이 · 조사단계=2차조사 · 꽃절=단풍(가을 추갑사) · 국가유산=국보 갑사 삼신불괘불탱·보물 다수 · 산책로=오리숲 진입로·계곡 · 1구자산=계곡·오리숲·사찰림 · 주불전=대웅전 · 영문명=Gapsa
990463,부석사,충청남도 서산시 부석면 부석사길 243,,,주차장 있음 (2026-09 잠정),도비산 자락(천수만 조망) (2026-09 잠정),RESERVATION,,,천수만·서해 조망||,,,N,잠정,부석사 공식홈페이지,,영주 부석사 아님 · 공양원문=사찰음식·템플스테이 · 조사단계=2차조사 · 국가유산=쓰시마 금동관음보살좌상 관련 사찰 · 산책로=진입로 숲길 · 1구자산=사찰림 · 주불전=극락전(아미타불) · 영문명=Buseoksa (Seosan)
990464,미륵대흥사,,,,,황정산 자락,RESERVATION,,,,,,N,비공식,불교저널 · 템플스테이,,공양원문=사찰음식·템플스테이 · 조사단계=2차조사 · 1구자산=사찰림 · 주불전=미륵전 · 영문명=Mireukdaeheungsa
990465,석종사,,,,,금봉산 자락 선원 (2026-09 잠정),RESERVATION,,,,,,N,잠정,디지털충주문화대전,,공양원문=사찰음식·템플스테이 · 조사단계=2차조사 · 1구자산=사찰림 · 주불전=대웅전 · 영문명=Seokjongsa
990466,반야사,충청북도 영동군 황간면 백화산로 652,,,주차장 있음,백화산 호서의 소금강,RESERVATION,,,,,,N,비공식,영동군 · 불교신문,,공양원문=사찰음식 · 조사단계=2차조사 · 산책로=계곡 진입로·문수전 산길 · 1구자산=계곡·사찰림(호랑이 형상 너덜) · 주불전=대웅전(석가·문수·보현) · 영문명=Banyasa
990467,용화사(청주),충청북도 청주시 서원구 무심서로 565,,,도심 주차 (2026-09 잠정),무심천변 도심 사찰 (2026-09 잠정),RESERVATION,,,,,,N,잠정,나무위키 · 디지털청주문화대전,,통영 용화사 아님 · 공양원문=사찰음식 · 조사단계=2차조사 · 국가유산=보물 청주 용화사 석조불상군 · 산책로=무심천변 산책로 · 1구자산=무심천(도심 하천) · 주불전=용화보전(미륵보전 석조불상군 7구) · 영문명=Yonghwasa (Cheongju)
990468,법주사,충청북도 보은군 속리산면 법주사로 405,,,주차장 있음,속리산국립공원·세계유산,RESERVATION,,,,,,N,비공식,https://en.wikipedia.org/wiki/Beopjusa,,제5교구본사 · 공양원문=사찰음식·템플스테이 · 조사단계=2차조사 · 국가유산=국보 팔상전·국보 쌍사자석등·국보 석련지·보물 대웅보전·세계유산 · 산책로=오리숲 진입로·세조길 · 1구자산=계곡·오리숲·사찰림 · 주불전=대웅보전(보물) · 영문명=Beopjusa
990469,영국사,충청북도 영동군 양산면 영국동길 225-35,,,주차장 있음 (2026-09 잠정),천태산 자락·은행나무 (2026-09 잠정),RESERVATION,,,천태산 조망||,,,Y,잠정,영국사 공식홈페이지 · 나무위키,,공양원문=사찰음식 · 조사단계=2차조사 · 꽃절=은행나무 단풍(가을) · 국가유산=보물 영국사 삼층석탑·원각국사비·부도 · 산책로=천태산 등산로·은행나무 · 1구자산=계곡·사찰림·노거수 은행나무 · 주불전=대웅전(충북 유형문화유산) · 영문명=Yeongguksa
990470,진관사,서울 은평구 진관길 73,,,,연신내역 버스 진관사입구 (2026-09 잠정),TEMPLE_MEAL,,,,,,N,잠정,한국민족문화대백과;구석구석,,공양원문=사찰음식·템플스테이 · 조사단계=1차조사(v3.2) · 주불전=대웅전 · 영문명=Jingwansa Temple
990471,국제선센터,서울특별시 양천구 목동동로 167,,,건물 주차장 (2026-09 잠정),지하철 접근 용이(도심) (2026-09 잠정),RESERVATION,,,,,,N,잠정,http://www.seoncenter.or.kr,,현대 도심 사찰 · 공양원문=사찰음식·템플스테이(외국인 특화) · 조사단계=2차조사 · 산책로=없음(도심) · 1구자산=도심(사찰림 아님) · 주불전=큰법당 · 영문명=Seoul International Seon Center
990472,화계사,서울특별시 강북구 화계사길 117,,,주차장 있음 (2026-09 잠정),북한산 자락·도심 접근 용이 (2026-09 잠정),RESERVATION,,,,,,N,잠정,http://www.hwagyesa.org · https://ko.wikipedia.org/wiki/화계사,,공양원문=사찰음식·템플스테이 · 조사단계=2차조사 · 국가유산=보물 화계사 동종·보물 목조지장보살삼존상 및 시왕상·서울 유형문화유산 대웅전 · 산책로=경내 진입로 · 1구자산=사찰림·계곡 · 주불전=대웅전(서울 유형문화유산 제65호) · 영문명=Hwagyesa
990473,길상사,서울 성북구 선잠로5길 68,,,,성북동 진입,RESERVATION,,,,,,N,비공식,길상사 일반자료(약함),,조사단계=1차조사(v3.2) · 주불전=극락전 · 영문명=Gilsangsa Temple
990474,금선사,서울 종로구 비봉길 137(구기동),,,,비봉코스 초입,RESERVATION,,,,,,N,비공식,금선사템플스테이;구석구석,,공양원문=템플스테이 · 조사단계=1차조사(v3.2) · 주불전=대적광전 · 영문명=Geumseonsa Temple
990475,경국사,서울특별시 성북구 보국문로 113-10,,,주차장 있음 (2026-09 잠정),북한산 정릉 자락 (2026-09 잠정),RESERVATION,,,,,,N,잠정,http://www.ibulgyo.com · 국가유산포털,,공양원문=사찰음식·템플스테이 · 조사단계=2차조사 · 국가유산=보물 경국사 목각아미타여래설법상(제748호)·서울 유형문화유산 목관음보살좌상 · 산책로=정릉천 진입로 · 1구자산=계곡·사찰림 · 주불전=극락보전 · 영문명=Gyeongguksa
990476,수국사,서울특별시 은평구 서오릉로23길 8-5,,,연신내역+마을버스,연신내역 6번출구 마을버스 9번·오전 9시 개방,RESERVATION,,,,,,N,비공식,https://www.telltrip.com · 나무위키,,공양원문=사찰음식·템플스테이 · 조사단계=2차조사 · 국가유산=보물 수국사 목조아미타여래좌상 · 산책로=봉산 자락 산책로 · 1구자산=봉산 사찰림 · 주불전=대웅보전(황금법당) · 영문명=Suguksa
990477,조계사,서울 종로구 우정국로 55,,,도심 협소 (2026-09 잠정),인사동 인접 평지 (2026-09 잠정),RESERVATION,,,,,,Y,잠정,국가유산포털;나무위키,,공양원문=사찰음식·문화프로그램 · 조사단계=1차조사(v3.2) · 꽃절=국화(가을) · 주불전=대웅전 · 영문명=Jogyesa Temple
990478,도선사,서울특별시 강북구 도선사길 504,,,입구 주차 후 절 운행버스/전용택시 (2026-09 잠정),입구~절 약 2.5~3km(포장도로 셔틀·택시) (2026-09 잠정),RESERVATION,,,만경대·삼각산 조망||,,,N,잠정,http://doseonsa.org · 나무위키,,공양원문=사찰음식·템플스테이 · 조사단계=2차조사 · 국가유산=서울 유형문화유산 마애불입상·목아미타불·석독성상·청동종 · 산책로=자비문~청담폭포 진입로 · 1구자산=계곡·약수·사찰림 · 주불전=대웅전 · 영문명=Doseonsa
,묘각사,서울특별시 종로구 종로63가길 31(숭인동),,,도심 주차 제한,낙산(동망봉) 자락·도심 접근,RESERVATION,,,,,,N,비공식,https://ko.wikipedia.org/wiki/묘각사_(서울_종로구),,[Q2 확정] 관음종 총본산 → 제외(서울 5구는 조계사·도선사로 성립). 시드 미투입 · 공양원문=사찰음식·템플스테이(2002년부터 운영) · 조사단계=2차조사 · 산책로=낙산공원 산책로 · 1구자산=낙산(도심 바위산) · 주불전=대불보전(2층)·원통보전(1층) · 영문명=Myogaksa
990479,봉녕사,경기 수원시 팔달구 창룡대로 236-54(우만동 248),,,주차 넓음,버스 봉녕사입구 도보12분,TEMPLE_MEAL,,,,,,N,비공식,구석구석;나무위키;biguni,,공양원문=사찰음식 · 조사단계=1차조사(v3.2) · 주불전=대적광전 · 영문명=Bongnyeongsa Temple
990480,봉선사,경기 남양주시 진접읍 봉선사길 32(부평리),,,주차 가능 (2026-09 잠정),광릉숲 인접 (2026-09 잠정),RESERVATION,,,,,,N,잠정,디지털남양주문화대전,,제25교구본사 · 조사단계=1차조사(v3.2) · 주불전=큰법당(대웅전) · 영문명=Bongseonsa Temple
990481,수도사,,,,,,TEMPLE_MEAL,,,,,,N,비공식,,,조사단계=1차조사(v3.2) · 영문명=Sudosa Temple
990482,연등국제선원,인천광역시 강화군 길상면 강화동로 349-60,,,주차장 있음 (2026-09 잠정),1997년 개원·국제 템플스테이 (2026-09 잠정),RESERVATION,,,,,,N,잠정,http://www.lotuslantern.net,,공양원문=사찰음식·템플스테이(외국인 특화) · 조사단계=2차조사 · 산책로=경내 산책로 · 1구자산=사찰림 · 영문명=Lotus Lantern International Meditation Center
990483,법륜사,경기도 용인시 처인구 원삼면 농촌파크로 126,,,주차장 있음 (2026-09 잠정),문수산 자락·2005년 창건 (2026-09 잠정),RESERVATION,,,,,,N,잠정,https://ko.wikipedia.org · 디지털용인문화대전,,[C 확정] 교구 상충 → 비워 둠(전화 확인) · 공양원문=사찰음식·템플스테이 · 조사단계=2차조사 · 산책로=경내 산책로 · 1구자산=사찰림 · 주불전=대웅전(아자형 석가·문수·보현) · 영문명=Beomnyunsa (Yongin)
990484,봉인사,경기도 남양주시 진건읍 사릉로156번길 295,,,주차장 있음 (2026-09 잠정),천마산 자락 (2026-09 잠정),RESERVATION,,,,,,N,잠정,디지털남양주문화대전,,공양원문=사찰음식·템플스테이 · 조사단계=2차조사 · 산책로=경내 산책로 · 1구자산=사찰림 · 주불전=큰법당(석가모니불) · 영문명=Bonginsa
990485,묘적사,경기도 남양주시 와부읍 수레로661번길 174,,,주차장 있음,월문리 계곡,RESERVATION,,,,,,N,확정,묘적사 공식홈페이지 · 디지털남양주문화대전,,공양원문=사찰음식·템플스테이 · 조사단계=2차조사 · 국가유산=경기 유형문화유산 팔각칠층석탑 · 산책로=계곡 진입로 · 1구자산=계곡·사찰림 · 주불전=대웅전 · 영문명=Myojeoksa
990486,백련사(가평),경기도 가평군 상면 샘골길 159-50,,,주차장 있음,축령산 자연휴양림 인근·1997년 창건,RESERVATION,,,축령산 조망||,,,N,확정,백련사 공식홈페이지 · 디지털가평문화대전,,강진·강화 백련사 아님 · 공양원문=사찰음식·템플스테이 · 조사단계=2차조사 · 산책로=축령산 등산로 연계 · 1구자산=사찰림 · 주불전=대웅전 · 영문명=Baengnyeonsa (Gapyeong)
990487,회암사,,,,,회암사지 위쪽,RESERVATION,,,,,,N,비공식,,,조사단계=1차조사(v3.2) · 주불전=대웅전(추정) · 영문명=Hoeamsa Temple
990488,용문사(양평),경기도 양평군 용문면 용문산로 782,,,주차장 있음(관광지) (2026-09 잠정),용문산 관광지·입장료 (2026-09 잠정),RESERVATION,,,용문산 조망||,,,Y,잠정,https://ko.wikipedia.org · https://www.heritage.go.kr,,예천·남해 용문사 아님 · 공양원문=사찰음식·템플스테이 · 조사단계=2차조사 · 꽃절=은행나무 단풍(가을) · 국가유산=천연기념물 제30호 은행나무·보물 금동관음보살상·보물 정지국사부도 · 산책로=은행나무~대웅전 진입로 · 1구자산=사찰림·노거수 은행나무 · 주불전=대웅전 · 영문명=Yongmunsa (Yangpyeong)
990489,흥국사(고양),경기도 고양시 덕양구 흥국로 82,,,주차장 있음,노고산 자락,RESERVATION,,,,,,N,비공식,https://ko.wikipedia.org · 나무위키,,남양주·여수 흥국사 아님 · 공양원문=사찰음식 · 조사단계=2차조사 · 산책로=경내 산책로 · 1구자산=사찰림 · 주불전=약사전(약사여래) · 영문명=Heungguksa (Goyang)
990490,연주암,경기도 과천시 자하동길 63(중앙동 산12-4),,,주차장 없음(등산 접근),관악산 등산로·연주대 절벽,RESERVATION,,,,,,N,비공식,https://ko.wikipedia.org/wiki/관악산,,공양원문=사찰음식·템플스테이 · 조사단계=2차조사 · 국가유산=경기 기념물 연주대 · 산책로=관악산 등산로(정상 인근) · 1구자산=사찰림·기암 · 주불전=대웅전 · 영문명=Yeonjuam
990491,용주사,경기 화성시 용주로 136(송산동 188),,,주차 가능,평지,RESERVATION,,,,,,N,확정,국가유산포털;용주사공식,,제2교구본사 · 조사단계=1차조사(v3.2) · 주불전=대웅보전 · 영문명=Yongjusa Temple
990492,신륵사,경기 여주시 신륵사길 73(천송동),,,주차 가능 (2026-09 잠정),남한강변 (2026-09 잠정),RESERVATION,,,,,,N,잠정,국가유산포털;여주시사,,조사단계=1차조사(v3.2) · 주불전=극락보전 · 영문명=Silleuksa Temple
990493,전등사,인천 강화군 길상면 온수길(전등사),,,주차장 2곳,삼랑성 동문/남문,RESERVATION,,,,,,N,확정,국가유산포털;전등사공식,,조사단계=1차조사(v3.2) · 주불전=대웅보전(보물178) · 영문명=Jeondeungsa Temple
990494,능가사,전남 고흥군 점암면 팔봉길 21,,,,팔영산 등산로 (2026-09 잠정),RESERVATION,,,,,,N,잠정,국가유산청 보도자료,,[Q4 확정] v3.2 예비 → MAIN 후보 복귀: ★ 2023 보물 목조사천왕상(17세기 가장 이른). 평지가람·무료주차 · 조사단계=1차조사(v3.2) · 주불전=대웅전(보물1307) · 영문명=Neunggasa Temple
990495,흥국사(여수),전남 여수시 흥국사길(중흥동),,,,영취산 진입,RESERVATION,,,,,,Y,확정,국가유산포털;국가유산청 보도자료,,[Q4 확정] v3.2 예비 → MAIN 후보 복귀: ★ 2023 보물 소조사천왕상. 임진왜란 의승수군 · 조사단계=1차조사(v3.2) · 꽃절=진달래(4월) · 주불전=대웅전(보물396) · 영문명=Heungguksa Temple (Yeosu)
990496,수타사,,,,,공작산 생태숲 (2026-09 잠정),RESERVATION,,,,,,N,잠정,국가유산청 보도자료;불교신문,,[Q4 확정] v3.2 예비 → MAIN 후보 복귀: ★ 2023 보물 소조사천왕상(최북단). 덕천천 산소길 3.8km · 조사단계=1차조사(v3.2) · 주불전=대적광전 · 영문명=Sutasa Temple
990497,칠장사,경기 안성시 죽산면 칠장로 399-18,,,주차장 있음 (2026-09 잠정),일주문~천왕문 계단 (2026-09 잠정),RESERVATION,,,,,,N,잠정,국가유산포털;여행스케치,,[12라인 확정] v3.2 복귀 · 조사단계=1차조사(v3.2) · 주불전=대웅전(보물2036) · 영문명=Chiljangsa Temple
990498,천은사(삼척),,,,,이승휴 유적,RESERVATION,,,,,,N,비공식,천은사자료(현장실사),,[12라인 확정] v3.2 복귀 · 조사단계=1차조사(v3.2) · 주불전=극락보전 · 영문명=Cheoneunsa Temple (Samcheok)
